{
    "dim": 15,
    "size": 5,
    "sC": 0.5,
    "shiftProp": [
        false,
        true,
        false
    ],
    "numTilesInGrid": 12705.0,
    "minGen": 30,
    "maxGen": 30,
    "fitGen": 31,
    "printGen": 0,
    "numColors": 10,
    "numStates": 10,
    "manualCols": true,
    "isValued": true,
    "initialValue": [
        true,
        false,
        false,
        false
    ],
    "valRatio": 0.5,
    "isBoundaried": true,
    "boundaryReMap": true,
    "boundaryApprox": false,
    "gol": false,
    "tileOutline": false,
    "alpha": 1,
    "overide": false,
    "boundToCol": {
        "1": [
            0.75,
            0.0,
            0.0
        ],
        "2": [
            0.75,
            0.45000000000000007,
            0.0
        ],
        "3": [
            0.5999999999999999,
            0.75,
            0.0
        ],
        "4": [
            0.15000000000000013,
            0.75,
            0.0
        ],
        "5": [
            0.0,
            0.75,
            0.30000000000000027
        ],
        "6": [
            0.0,
            0.75,
            0.75
        ],
        "7": [
            0.0,
            0.30000000000000027,
            0.75
        ],
        "8": [
            0.14999999999999947,
            0.0,
            0.75
        ],
        "9": [
            0.6000000000000005,
            0.0,
            0.75
        ],
        "10": [
            0.75,
            0.0,
            0.44999999999999973
        ]
    },
    "boundToKeyCol": {
        "1": [
            0.75,
            0.0,
            0.0
        ],
        "2": [
            0.75,
            0.45000000000000007,
            0.0
        ],
        "3": [
            0.5999999999999999,
            0.75,
            0.0
        ],
        "4": [
            0.15000000000000013,
            0.75,
            0.0
        ],
        "5": [
            0.0,
            0.75,
            0.30000000000000027
        ],
        "6": [
            0.14999999999999947,
            0.0,
            0.75
        ],
        "7": [
            0.0,
            0.30000000000000027,
            0.75
        ],
        "8": [
            0.14999999999999947,
            0.0,
            0.75
        ],
        "9": [
            0.6000000000000005,
            0.0,
            0.75
        ],
        "10": [
            0.75,
            0.0,
            0.44999999999999973
        ]
    },
    "colors": [
        [
            0.75,
            0.0,
            0.0
        ],
        [
            0.75,
            0.45000000000000007,
            0.0
        ],
        [
            0.5999999999999999,
            0.75,
            0.0
        ],
        [
            0.15000000000000013,
            0.75,
            0.0
        ],
        [
            0.0,
            0.75,
            0.30000000000000027
        ],
        [
            0.0,
            0.75,
            0.75
        ],
        [
            0.0,
            0.30000000000000027,
            0.75
        ],
        [
            0.14999999999999947,
            0.0,
            0.75
        ],
        [
            0.6000000000000005,
            0.0,
            0.75
        ],
        [
            0.75,
            0.0,
            0.44999999999999973
        ]
    ]
}